account_id,credit_score
0x002f9caf40a444f20813da783d152bdfaf42852f,99.97
0x85412643b12cf847f3e11f24610e6127c17ef7ec,99.97
0x8552698764b16b26189e8ef0cc095d02691d4837,99.97
0x85697c00fb7bfdd5b31826f4e807459fb9941b19,99.97
0x856b762d46274ef1d696103e5fb2af2afee91ecb,99.97
0x84f10948e7e8c26dfaff67662d2168147c3d719c,99.97
0x00fe460a15b49d09f39b057d0f1a7b9444f4f2be,99.97
0x0118289457e9fd02c05e37e27a11bd09d3500021,99.97
0x00778a211057c47a9f8885750bbf48226771bcdc,99.97
0x00809b9263aab2856bf65be3d3bc3fcb9e19c1fb,99.97
0x009c07cc41a358176c97b525284d50f4960bc939,99.97
0x8510e03762a1b4ea8c6118048f50af0a28f88d12,99.97
0x85a48e017c2f09037046656f2dbb063c3c1d3ce2,99.97
0x85c90e7bb1e5e2beca61550308396c342a043cdc,99.97
0x85cdbf9345cec498a386026f66ce7b40cbbef52a,99.97
0x848102e06b5f603c7eca9923f8da8517ef99b4ab,99.97
0x85dc5fc2e2d5054a459890ce992106f58ecfa93c,99.97
0x86321c9ee2ab1b06a049f025c6b396c30a1451b5,99.97
0x8662f71896d5770e2991a2e6fc1836c5c5ba3a67,99.97
0x840598d0d266cf1a009e65d4414f747b2e799330,99.97
0xfeb79a4e213906571c20b6d6a1a3dc45d8355c1d,99.97
0xfed25267df17bfab23a1f8a26802674769d28c7b,99.97
0xfeff33456de40aa9ffc85b796cb731b91ea6eb04,99.97
0xff16d64179a02d6a56a1183a28f1d6293646e2dd,99.97
0xff19ad332cc5bb32703a3058c6f93ce177cfbb08,99.97
0x8433540c7e4d086e84a6e1cf4f99d8eea0e1ec09,99.97
0x84443f61efc60d10da9f9a2398980cd5748394bb,99.97
0x836fd05a18dc13aa8885a718278e6a316ecca1ff,99.97
0x8389233333515783dd3fd382ee7511f0f4951be1,99.97
0x8698350a036f463e6f0fc018e883a266e7266d32,99.97
0x86b7008723acc82651374ba81b951b2a8413743f,99.97
0x86e3209766b078527f77969f8013bec5dcdebaa4,99.97
0x82f458f713ac9a366aa9c7e858f69454fde779e5,99.97
0x82fa07dad4faf514d4c0fc6dbafde8882cb27a32,99.97
0x833b65a181f305cbf8d1884227bcd1202131740c,99.97
0x0235ecaa45c4ce4abaf58c21e70c103d1bd745d7,99.97
0x023ebddb99167a6677841433566094ddcc6dcf23,99.97
0x01489713a676911d5f8937e8cf822c2207990534,99.97
0x014d808541240a693b48819a600b401cf6b3b8b7,99.97
0x01b29eb97ec05b81abd72b77035d99dc1b482c1a,99.97
0x83539c51899366bbe7eb4dc3085dcc091c5e062d,99.97
0x87488ffd319273cf9ecd07b382cf1428e430d107,99.97
0x825d4f26ac2f18dbd1fdee85c710abd6aaf78b7d,99.97
0x825d634b9d22da526ceebda4fb7ad4d373cfe2ba,99.97
0x82e5345c7a6355b3ba0e34d26ac3340ea1b4b91f,99.97
0x877e8ab289f1b3eec7220a8a7edcfe1d87779813,99.97
0x87816ddfd2f9865ca3025e46022e17f4ebd2e0b1,99.97
0x8782696569cb4b825f6f1fb457c14dfb823187e4,99.97
0x87bcfff7fe91a62a8378f69c1ff089df9b2243a2,99.97
0x87f1ed1d1dff06a8426f12df0bf3c342b97abc26,99.97
0x885fbc6e02db6b1d26de3f73e80ad7f1ddc10021,99.97
0x8877bcb2223682048badd5b09b7ee5a8fa2f3424,99.97
0x8878d85f8e7e73645b92e004f4e557488ab32725,99.97
0x02befc74242d56de1558e07f26b0057da73c4c00,99.97
0xfdfd57aebfc9453ffd6d5c34cf8fa57d961a70f6,99.97
0xfe1bcd4fae7d1f04a744aa51d2cf4efd5277762f,99.97
0xfe5ac7992254e93b9aa4d4f1f4dacf01150d85ca,99.97
0x01e7f16e17c50d070eb66787f25ce3be405d6038,99.97
0x8197ebca4f7a0918156f188f53c3a47381bbdb73,99.97
0x81c9312860bcf9eddef41d6839ccded0c7961759,99.97
0x81da4f0bcea8d330d790da28bf5349d29ad51fda,99.97
0x81dca6497abd7ddffca44cacc285011891721cd0,99.97
0x88856d6ce40d223177c0b345ca1f74a089bb672d,99.97
0x893425f1e71fad6646eb70dd17a5f808a012ab4b,99.97
0x80cbe79db5cba89d98b751d706f76b7980176293,99.97
0x806add7659fd1fda4b1f2b981a90a12d3373b2fe,99.97
0x0313114b39affc4803da322503c31886ca2aaf9a,99.97
0xfd72fac7d08f9912e5d02091417304d5a0072e2b,99.97
0xfdadbe4c8fba7bf5f2fe1ecc82cb55f14ba379b9,99.97
0xfdd43923340736ffbcb31c808ac644922c1df05d,99.97
0x0249709880fc44b72f00abbe7f6120c9a61bade7,99.97
0x029d68ff4b05fc4102d8caa77e28c585a32cdd16,99.97
0x89555a4f31b06faca197cdf60fd996f1ba783feb,99.97
0x8985aebdb1adf244f1f3f8ad9ff89b8a045b5319,99.97
0x8a09990601e7ff5cdccbec6e9dd0684620a21a29,99.97
0x8a4eb42a4f95490f3200d74bc12618ef1336eeab,99.97
0x8014a798ca117e4c44047f5c6cc617bc54296284,99.97
0x8ab0fe3d61e372a0caa2b2acf6d1ffdefd1c645a,99.97
0x8ad5ee55a8425a8a4938106050636e0901df4321,99.97
0x8af82f495137b95e59cbccecc4479f1e07df5f16,99.97
0x8b221a3b1b2675ab9e836904fb55742dc57b32ba,99.97
0x8b26754becb2f0b00f64a4345da8e0f53ddab673,99.97
0x7f8919fde017c5ff8408e4def990bc81f20d3ca4,99.97
0x034b9c0f16f18bd15c97ebd886972c5cc1513e7d,99.97
0x0365901b575f4e62e1d4b573ec8165251ac2cbdb,99.97
0x037233180981756cab77ae0ba784619cba7b3f87,99.97
0x037fef58925a50bb28d3f7a3fac865cd51fd9511,99.97
0x0385f650cc068367fcdc2f9f739766f82405fd09,99.97
0x02d3b8142b49cfb701c8820fb06e61e4825998e4,99.97
0x8b5c2387ba1f401a8f1d7eea37fa8f9fea6969c1,99.97
0x7f22f77a78e2f92fb4f6ed85df8eaa980e845ede,99.97
0x8c0e1c1b7ca56cbf74b88de1c07e0a7216ee90b6,99.97
0x8c1b091ab7dc0c08117b8be040d57d78fac8237d,99.97
0x7e8c2d8dafc7c42670de82d088de388668d13941,99.97
0x7e915cf29c5568e41493a4cd58e8519c1266e5da,99.97
0x7ecb7a50d54d7985604dba59acb2705b0871572c,99.97
0x7ed40353909c23fb61bc2bb29096ea1bbe53f966,99.97
0x8c539c090e3170dfa051ecd0c274c390661d06b4,99.97
0x8c842e95ffb3bd3b0a5c82d52f38f1b122781991,99.97
0x8ca17329015c9d8005620a74ffbd73647b5440be,99.97
0x03e3702d91098350d057ded0a05095f703bba2e7,99.97
0x03ed2992a1d07ab57ec01f0c8914e22b53e48d87,99.97
0x041c97ed3969505fae64a77eacb8ec229a9a9b2e,99.97
0xfcf8dd90c50d2f7fd7b292ba6820ad09080442e4,99.97
0xfd0101d908bf7e4a03168b6e90aa7f1e70606225,99.97
0xfd1935fd3c8f49723deb7296c58ba4bb1a0e48e1,99.97
0x034a4081df0c5a039d05113a7d0b334083a7b084,99.97
0x7df387113022c83f5c198fe0daa5e4d6186dc99b,99.97
0x7e06b4c65a6bcd3068e692a592211e29955f6566,99.97
0x7e2bba2705c5a7ca8be1237f3c32fe66c192b311,99.97
0x7e5ce10826ee167de897d262fcc9976f609ecd2b,99.97
0x7d957aa56820212bbd4c7667ad5e3e39215048a3,99.97
0x8d133233657deb63c39c71363b00ecaf5346eb9e,99.97
0x8d99b4c39c26d693cb52e502bdf4918aca68c14b,99.97
0xfcb6a30ef6f39edb1c3f8b5dcd5eade4efc2cb1e,99.97
0x8da2d05400ee2e3d2053fa65a7629e3812312bb6,99.97
0x8dbe431939b9c323d42e6ab160870a01f1d09549,99.97
0x7c86e3644ba4f55340efd8156376585f65292284,99.97
0x7c8a61537c02afdff15ad6ae7d51dd25edceb0bd,99.97
0x7c8dd864ded4030d42883b72dc7643bd7646f1ca,99.97
0x7cc696a7734f459d55d1b4d716b1f56416f0c21f,99.97
0x7c6e177d9613bbbc80557816a19a342136b24654,99.97
0x7c76f4db70b7e2177de10de3e2f668dadcd11108,99.97
0x8e551ee9efd11c69bc21bff1f35ee7b12ba1784e,99.97
0x8e5d30f161ba3ebb09dc3c1f06515656af34baa1,99.97
0x8e7488075d58158083330e9f37db55056b5edb33,99.97
0x8e831f16c2aec702f3ef81f2b6ae70dd19fbe08c,99.97
0x7bacf22f747f2f4b983081c0aa76dddfecd008ab,99.97
0x8eeb3170eea4135b88ec6c058f101d41a29d0cd2,99.97
0x8fa940ddfe1f040a02c549a280ed47a93a3b9f38,99.97
0x7b47cdd24695e6021776d6142147cca77a6339dc,99.97
0x7a6ab4fe07d4b65a3a3b4a28cbde57ebaed9cd81,99.97
0x7a75da34c346f244e54fa2f71b25560efb1f9b20,99.97
0x055164190362344f607a4ca3e486445d32615fef,99.97
0xfaf95953a36ed1e8f8426ab5b7eb53da246e3476,99.97
0xfafae2220433cddba9f0425ccc64a812ab0725f6,99.97
0xfb0018ad46c669b6a4c0e589c53db27daf7f7930,99.97
0xfb5db78660929c73bf66881586fae2fcf9e99dc0,99.97
0xfb8871e13c17ebe73f824ef01344c38bfb54a9cd,99.97
0x8fdd0cf22012a5fecdbf77ef30d9e9834dc1bf0a,99.97
0x8fdd427fdb9dbdc5d2798cc6711b616467a802f2,99.97
0x8fecb44f0393b6936ec7b402c3c28cd85e783588,99.97
0x901442e4deec484e9b2efdb2ba20fcb19880d9a3,99.97
0x7a0fbb294741a4d08ebc09e8937c44b87c4c0b85,99.97
0x7a1437563a366169ca566e9bcb1f7482bedbff14,99.97
0x7a222200f9be6d645c9650b34f3cecb9cfbb897b,99.97
0x0598df9ef51616e9c015a4f17918507259b22baf,99.97
0xfa45c6991a2c3d74ada3a279e21135133ce3da8a,99.97
0xfa540b8242565c014773ced9f0c45bfdd0ed1a8f,99.97
0xfa5756494fea34c83808ccb6626f6b7e66d46c4c,99.97
0xfa6ce4657af871b5b758cb06a796f31e8f37e9e0,99.97
0xfa8965fa285aa728b65c43f5fee9fd09ed89918c,99.97
0x054013b54780a61a2ec3f728c279c2440905ded1,99.97
0x054e4d23739dc1c0f3edc34ea874828e1612e004,99.97
0x904505327ac551de0e33fa33d8c744f8ced5d171,99.97
0x9064f45ddb3875b83ce86602330e493e6abda6f1,99.97
0x9079a0a7e0ebee7650c8c9da2b6946e5a5b07c19,99.97
0x907a974a4da906b28ae734a86e6625508b7a4a43,99.97
0x9080860073ad25e31ee3bde8114ac5e7ec678138,99.97
0x79d93cbf3583e62dd3edbddd1ee1121f8b07af81,99.97
0x90c3729672a0b7a9bb7553e76c477cf873e3bc33,99.97
0x90d1a8364942b65776fd31666a7b699c677e1bc2,99.97
0x064de67d26030c83297d3d1b3032d088be892e2b,99.97
0x0576903118227bbffed05c46271c03590f52158b,99.97
0x7973fd24410788c35e2f5e2d35bcdede00b9df2d,99.97
0x797f63620e62dbc83a5bc88c6a43494ded428cbe,99.97
0x799a3539e0404b3c3085293692de1c91f074e001,99.97
0x91351a04b3365808518d22db2884d3c288a4bbd1,99.97
0x7904adb48351af7b835cb061316795d5226b7f1a,99.97
0x782c7c0015ff2c58c9801a63eef8b6f48c8b7ae0,99.97
0x786f9e6c7d47250b02835d08aee55b52f42220a5,99.97
0x789951c525627264fd0489537f74d6ac7c5d58d1,99.97
0x78a083d3ffc762515dc0e168c33f186dca76e45e,99.97
0x91b57d4077fb560bddbb4cbe81546b10005b587d,99.97
0x774488253379d317a81d01e9d101319b42743737,99.97
0x774f45a32ca6a365b693dfd58d129c959fc159d9,99.97
0x929379947a8b6ab160bbe7a4cfb7f857c18ee067,99.97
0x770fb298e70df0eb42235671a53e3210dd2ec2e9,99.97
0x92be89852867b06d8f77e110d95e7e5dad2f5359,99.97
0x930a7cd60a633128b7c5181307781e6d033ba51a,99.97
0x9317e25590aaa62be015aff026702f3b960131a7,99.97
0x931a8586aed467d8583c76524a6d1d1eadb9124f,99.97
0x935361eb81ffe4eef326902ac37e8aba82edf403,99.97
0xf977c8ae925a7e8e4013d40cc8355611f370226f,99.97
0xf9e7a0db9b0d87b34e0662bc890992a686a6e725,99.97
0x0618e076e4fe252b1b73a83c239289dc12055ea3,99.97
0x937a00b56f3fe79909306d72292b965a00fe3406,99.97
0x75ca7d963b543fd01bc4d094aa8ab29f115ec35d,99.97
0x75d3fcbac90c72c32675cd80b109454100f3c9d3,99.97
0x75f37a8d3dcf314ee8d5e49a5e0590fe79e2964b,99.97
0x761525f5c17baaa3d1c7d61616d580792ac653bf,99.97
0x93d30a4051df1363a11050dd5259494a609ed97e,99.97
0x75683ba5d79e01cacb21aef347e5d8a5ef86c06e,99.97
0x7582ac6dc157ed93da48c46593daa011b99e9e3b,99.97
0x07326cbe4792e8e3c1f61c66fefee8253eb2db0c,99.97
0x074daf9061d8789f51295179480eb7e2d1ca799f,99.97
0x075102800212aef1077cbb021f710397792e22ac,99.97
0x066e49fbee0561d08105e0d64a83aa4110b3b38d,99.97
0x06763a0717f74b33840ebd85122a5093f828ad38,99.97
0x068a1ca4d45194ea904b5f5da26ee01c7b2d44ed,99.97
0x06a437b2afcd7b6261bc26399b30f0102eae3af0,99.97
0x75a539db04dfcd914b7b2e985662e586c3da3ed4,99.97
0x943980b467fe194beb923daf7a544abce90b5f93,99.97
0x944586cf150c0b10913734ccca59a872490e0377,99.97
0x94af4c6e9b0559b3a5d4bb667954a66c3a642957,99.97
0x74b34df05e6f5c6b0aaeb1909b02dfc1e479ea4e,99.97
0x74c4623d7609f3eb2665ad32ff96b44856b6051b,99.97
0x9512e79aa38f53a6a758930400e2494bcb5bbf0a,99.97
0x9529bc8dc77f058ef96b78beeb518c0525859fb7,99.97
0x95655aae7f5079ac99d640f5b3633156b41e7108,99.97
0x73d9c92c29c9d1da75c1d31d7dfe1abc46d4cc6d,99.97
0x7409956e1d10a00ea425722565790e2c77c40ad2,99.97
0xf8e562f4f30c5dda0978857067d6585265da3437,99.97
0xf8e9e2c33850132ae4a8214cb4d738112799306a,99.97
0xf8fbc9298650f49f9b6280ead636c1811c6ca1a1,99.97
0x06dd093fbc4e0491b115dd4f69e4d1fb6716c119,99.97
0x071a79b04021baf1b6f32a5c233c7d01dbde0e0f,99.97
0x741d4defd75b782fd8f77ba407d247c4c645ac5e,99.97
0x741e65cee534965addc3b765c6ed8d5683fd81ec,99.97
0x744bf16425eac4e497a9a01e7ab9bdb0b9f3af25,99.97
0x958f5159b62a864419ee492008061fdef2e1f8d0,99.97
0x95ad647b9e6174294573aa4b8a2681ec20d44594,99.97
0x95cfaddac52b76da6e858dd0896a46fcdf79e486,99.97
0x7345c51439d1c84949f56a6ad0ecdf3f3f1d2be2,99.97
0x734e4c7dbc53aad51a993828c8b9009aee87196b,99.97
0x73555792708d34d5d2c3fce67134ea691ceb4d65,99.97
0x08072a5fbc90eed1ca4fb863c1df8aa1fec61cfa,99.97
0x083674408a89ccbb0fc9653cf93a1de0b017a2e2,99.97
0x08439047b3c1b1c6fc9a6c62a1daa191a19e79dd,99.97
0xf89760a5ed2664c9ec26ce73c150d5d659bc39b8,99.97
0xf8c9404f7bf7f7a3279ec01c71d1183020b55e1d,99.97
0x736e108bcdd0c48771878caa148c1254689a941d,99.97
0x737284cfc66fd5989f2ac866989d70ae134227cb,99.97
0x9640a35e5345cb0639c4dd0593567f9334ffeb8a,99.97
0x96482d545d2f0513dac4f037e98685ca7a3d0afe,99.97
0x72af4a7f781c35cc7c8d4c5042ab7a306ac8df3b,99.97
0x72d9f391dfc352105b8aa391475007d4bcefe1e4,99.97
0x72f22afe6ea512396a392ee5c6e4efba613373c8,99.97
0x731c0030cb0a92b3f536bdaeb6a0658a01456560,99.97
0x9678317ccdc5e94fec87603ca9ca315db1d33c5f,99.97
0x96c8e2a1eab72eea758b6694fb2217c4118bb803,99.97
0x970991bdd61aed3c2cf91e9bf6944960561dbcf5,99.97
0x9709a9f77d4349e1da4220f1458fbe9339d612e3,99.97
0x7245386b3e4d58a34eabbc32879dd95f0df697ba,99.97
0x726bdc1c6692fece418d449f4ffc36b81e0b4852,99.97
0x726ca0ca1b4f59e3de69a8d69d97262a10af525a,99.97
0x72782b9ea7f51bb96a8d0cf90b1293021a6b7a7b,99.97
0xf78cf7bb109f7fb55e3cba2dd87edd5e836eb0b3,99.97
0xf7c751457363e84f5fda68e527b318468f334cec,99.97
0xf84cc6a984a64468dfd9da25ec44b40c0eb7678c,99.97
0xf84dc4cd6e5eb982cc6790d38842905a06174f8c,99.97
0xf85a551811c40e7ffb912a21efe2c26277be8ebc,99.97
0x71eb2b34df0c317d2be97998ea570772a2da00f2,99.97
0x972723ab7c0121f8182b5f19a0015959fa776794,99.97
0x97430f3192e87881fd44d28f451f12aeefffad49,99.97
0x978aad63fe35f7a72573c411c3dff53608aaeac9,99.97
0x71715da6ada699e3a1a5c2664a55ff3d179c86ee,99.97
0x717ab1c60e79464ed2e2980a131fe5774b855789,99.97
0x7185fbff199928cbae71990ecb3cc4a7be2ff00a,99.97
0x09a0da7289a60809992d819530833f4053124090,99.97
0x08c7d91641f3c4260507a41f48212fbd0010a315,99.97
0x97a8b6076ed6164df582e598dfb363ffa770dd54,99.97
0x97c21083c8c62a2e3db72ca4cac91b138a07872a,99.97
0x98390dc74aa2195174d937c92ec69bdf7e74bb6c,99.97
0x983f14fb20991589de9bdc48d6990ddb8e41d918,99.97
0x985c0748a95d30ba0585dbc33c4c366a56be8ed3,99.97
0x98723710a60bf3d2e32c281d8209935e8925e0d7,99.97
0x7060380f1f31ec257fb69dd4ec52c2ccc07c31d6,99.97
0x98cd31a77948b77f1aa2ae36be4a5c5f6853de96,99.97
0x98f365b8215189f547e0f77d84af1a2cb0820c72,99.97
0x6fcd805a06d424a45b226f951b0a7a7b662831bd,99.97
0x70056d4450ddc31a61146fe91283aa3f645ec1e1,99.97
0x7025417219b883502d14fd0ddb351e90a965838d,99.97
0x70564145fa8e8a15348ef0190e6b7c07a2120462,99.97
0x991c3ee26ac87c46db4c28fe174d860a7ce39aba,99.97
0x9939d74f7cc25f93dced7c9fa2cb8c76897f21fc,99.97
0x99618bb984352fee4fc8a3fac8c3503853bfd40a,99.97
0x6f4cb27afbd5229a4bea46f2ab2c5c2e3aeb7ae6,99.97
0x0a458d660e69a808a4a5f9ccac201b135916828e,99.97
0x0a6afb591cef197bd25ccc8e70a90909ae46c749,99.97
0x0a719a1c3d997ee54ee317dd02617ed7edb53e00,99.97
0xf6ad502ac34cc67f3a86b4e6a4ea802409b0af28,99.97
0xf6fdee29e3a14610fdbe187e2d3442543cfa45b8,99.97
0x6f858d52ff946d3a4c91fe5a7cdc408212d17a1b,99.97
0x6f9ac5b3fa4308620c6763d9aa5a65446e75f5b5,99.97
0x99e39611e125ad59214ab8bc62c2e79ef39d1ae0,99.97
0x6ec440154dd9c34e01d54779d55cd861de77db59,99.97
0x6ec62454447b9adacbebbae86687707a786c8530,99.97
0x6e6abb4a0b481781f38f2c61ad46396791324567,99.97
0x9a1c5c0021ed04ec8e06d6d62415d862c22b2975,99.97
0x9a550b9faca1480be496e09d62324b754da14c45,99.97
0x6dc1c317176fc1f7c1a7f299884c85b362f7b30e,99.97
0x0abc80cb388b04e6ceb237a3a6897d07ab378774,99.97
0xf5c7231632aa9b344093d82deb864fa1c00b8bde,99.97
0xf5e23e86ec9f6667b492a7b8196395278fc7b482,99.97
0xf5eb2293bb18199fdf58f4f85fc9d4fbfea0638b,99.97
0xf5fb8fa41f90df3ed2b3caeaaee64d5da26b68e2,99.97
0xf6020ee2184a748a90721f112c38cc020ca09704,99.97
0xf6205f089aa9d19bc8fa085b28a4307ef77fadc5,99.97
0x9a7f8374f79b01a49393b4d0f1280b64807757b1,99.97
0x6d4ed8a1599dee2655d51b245f786293e03d58f7,99.97
0x6d62d6ba46af180bef8ffc96fbbabaf5d3507300,99.97
0x6d71c5886d08d9a1c6c89038148055297f6440e0,99.97
0x6d835bb6bcce3bc2cccdc88fdf32ef73f88400b4,99.97
0x9b1b504491fc206368bf048ff564249d8a81caa9,99.97
0x9b4c75ce8d7006620df39e8757ade75d6434a6fe,99.97
0x9b4e28020b94b28f9f09ede87f588e89c283cffd,99.97
0x0ae3a4258ce1b9b53d74f6f390c14c4010c81ad0,99.97
0x0b013cca6335dd62353ca60ecec9c39b5227d270,99.97
0x0a7aff107909cd284ba841b67050cb0458175944,99.97
0x0a80b518586ff4568b5437a816164a7bd53baf37,99.97
0x0aa05126f46862cb8cc097a4d6f0f47ddfba0a7c,99.97
0x0aba55c93cf7292f71067b0ba0d8b464592895ca,99.97
0x6cf35dd90be3717bf155dbb5db99477b5d84e368,99.97
0x6d2af065ccb60c0f7e8ec5907c961c42a3447127,99.97
0x9b6cdbbba2ff3e2e4650958aa18c3c8893e427c5,99.97
0x9b8c21879cfc139e29d449959befff5b60c65f48,99.97
0x9bb36404df5455eeb80205e5730631c6a1d64c9d,99.97
0x6c1e53eb055d1e4b5ab1ecb0e44d1f513ca53082,99.97
0x6c5d0d9eb1243903775ffdbc8f5d29b04ce3670d,99.97
0x6cbbd5d5e3f71280a568823adee4b18cc1be5e32,99.97
0x6bb1be45c80e14b6ef600df5b018df12a7b245c4,99.97
0x6be8f8c73fff5b3ecd4b179cf029774f519abeaf,99.97
0x0b9b7a99308064bf1238dff693237429844fa623,99.97
0x0baf7b79f9174c0840aa93a93a2c2a81044a09a2,99.97
0x0be0ecc301a1c0175f07a66243cff628c24db852,99.97
0xf54a9dbff5105fb09611f07ed85e38b838530e27,99.97
0xf55868968409401ec70e3527c3dc50335ee27f4e,99.97
0xf55e015769baac7e5861cba62ee775868c335cee,99.97
0xf5bb0094b5b7d0c03e0af35c4b4b287805d71467,99.97
0x0ac4cfbcc7dee4e7137f8af0b94ec725505fb227,99.97
0x6c1a6347761bb5f7c335f3e889410d40076ad416,99.97
0x9c0d566b965e4361833ae5207b5544bb35827e18,99.97
0x9c15589bf62f0679719b8f0bdeddecd88249ed4b,99.97
0x9c2dfd5acbcf22cb9a82eaaee95824faf5e1e035,99.97
0x9c2e9c7019d60d0972067e313f3a0c4628442021,99.97
0x6b790599ea89be7f68268eea87bbba9cab5cfb68,99.97
0x6b924183307ef2e529db662f80200611328a0cbd,99.97
0x9c580320f47451ca1e71a8d62ee00861082fc2ee,99.97
0x6a76274f50711486ab0799e75150130746ab542b,99.97
0x6a8ff90e596e037b2ded3881c19ab4fd1727a0c8,99.97
0x0c0b74126f0d4868750911d18ca74a174247ada6,99.97
0x0c0d04ea8bd13d48ebdfef821dc937a1b5a39da0,99.97
0xf46ad3ca0aacf10114c76e0b1c077a154e5522bc,99.97
0xf47b25c9aa978f080995fdcd0d1b04ce274747ba,99.97
0xf48ea2e715a3fd6af43dfc3800a3da9ae785d3da,99.97
0xf4ae6165c3e05ae7426c5b5200e8b9a7565ac595,99.97
0xf4ba1b19e8065adf06b1e168e919836730304b6c,99.97
0xf50d996e676b13e073e56ebcb979776a5103e675,99.97
0x6a983e653d6d7c81fbd29dd7cc638b6f36242d08,99.97
0x6a06a5ed081990f4313c03aabc70f5874aa43f89,99.97
0x6a24327eba27b4640fdd65c2610457584fa1be14,99.97
0x9c8bcf50c240d04cf4123082569fbdbf61a0b47a,99.97
0x9c9550871c8d714e90ee03e610b21f156381bdf1,99.97
0x0cbf84a124f7264e86724b83b77a9a606eadd6bd,99.97
0xf3c6174bba3dc49a305d8a02e2daa5dab46df1c4,99.97
0xf42eb7c923b98d4f98c114db09bd581f89be1171,99.97
0xf464611e133d2242558a3cc19febe48c1a354a6d,99.97
0x0bff4468bd9f6046b98bbbe8479c6b939397a6e2,99.97
0x9cba7c9d2edb40cae14545ec65a9992c3f8265fd,99.97
0x9ce8f85083fcf364467a827cb15730102306ed1c,99.97
0x9cfd5052dc827c11a6b3ab2bb5091773765ea2c8,99.97
0x697c62503e0e2767741f55ba8a7d62fd78718444,99.97
0x6996c784cda7a2841c3a6f579c896477586a1d9a,99.97
0x69bad2f5440d6990e8ce84fbd70fa60a60cff7f1,99.97
0x9d329842b5c5eece3b094e7b4643a081cc6525cc,99.97
0x9d4da31a6f741c53a8f098bce221ecdd4a9cf6be,99.97
0x9d59e3a984642799001a8f0d7fd6b69b1f5888ab,99.97
0x9d5f9c924833a5284f29576d07a42942276a26e4,99.97
0x9da521610b3eebeec6949168540526d15cfa2c64,99.97
0x0d5926184e886db1a736d88f0fb257be3f99ebd5,99.97
0xf3ae4bb5691b9d45461cdcdd4becb0c9986a3237,99.97
0xf3ae7a5ff2863247b83661cda7050d9df4bc9ce4,99.97
0x0cbe265011306fd86438c7d23d0dfb1721c20763,99.97
0x9dafd2b0627955f9398f65324af581d44958d4d8,99.97
0x9ddc5b469e02cd486f8f77f3e8fe831468020085,99.97
0x9df06d2e25378f01a405c93310e289e8d06c9841,99.97
0x9dfac9bbe1119da5dcdd7b095db40920cde878ef,99.97
0x9e21d7f1d1878be7e4e5f0c8750b09b09414be44,99.97
0x68803ac6443605374b029836c356964550596dc4,99.97
0x68d276dd346f39b0d0338388a3be0e2e2b28fac1,99.97
0x9e5bbca4fd2502336e6c04edec3a4a08b5071df5,99.97
0x67a4aadb2009e968ec132c30ff2698cb3a6daa42,99.97
0x67bbbccddd394c2cfa15d3958904858b21040cc6,99.97
0x67d3ccbd1d81e7b1427b70d94454e0039271d237,99.97
0x67fdbb7326a6de4194b1dfee2e1e212952f0092b,99.97
0x0dac0e020ce53159d02b06d062b61c26ef0cf469,99.97
0x0db5faedf553fe294e1ebccfba24317f672b234d,99.97
0x0dc4a59da0184f0ae7758ce2e3fb99d2a4058ea4,99.97
0xf2ba322c432be32ed6e63302670d22901bdb57e2,99.97
0xf3061977e324ac93e7621f397dffc7bc78489fd4,99.97
0xf34f1d3c83ba6dc25f518b986f38a8cecf5eb14e,99.97
0x9e9bf7495369e73e76e0f41c00481b16a270711c,99.97
0x9eacf519f5a1e072339463a61143602e696c751c,99.97
0x9eb408e53dfa0c877b65bbe874de81247212380e,99.97
0x9eb7fa865937d1e92a1c1d10ccb5240757e93227,99.97
0x67168517c1d0835147e2bd66e40a602e9fb9cbd9,99.97
0x671e961562cf7b173d018606f712999e3bdefc19,99.97
0x9ef190ae70ce60126d1899fe29645ade741eca58,99.97
0x9f0a988edc96dac834c158ebfe667da932bd87c6,99.97
0x668be89bfc785741c99f4a0fbd13562814af52c2,99.97
0x66c7a7348250f453a37cf86410a946f9668de386,99.97
0x9f7dd5ea934d188a599567ee104e97fa46cb4496,99.97
0x65f5cb909f1bcc3ff21ab88d9ef8e2ff848c03e4,99.97
0x0e0ec712b3912b5601216455a158cf18152cb62a,99.97
0x0e532f71e574e0d2f421e381e4d1ae2c7097b7c8,99.97
0x0e57c10ce37139507e72d0a0a552bc254f21d609,99.97
0xf2532ca735533b563cea83801adc0ea13918e64f,99.97
0x6654500f0e8d45cc9e21827c6ff80a17dbe5b794,99.97
0x6655459bab7a5e99f2d61279316f6d0a465be784,99.97
0x9fd31424cfceab50218906bc1b3d87fe7778ca61,99.97
0x9ffa9cced03b6b0bda116ab14be5ceda2db0e9dd,99.97
0xa0058b3a974ee3be6aaa8badac1947fe72bb1db9,99.97
0x64b51b755330e8c3bca0563670c751c3902eee0d,99.97
0x64ead14ad73ac013dcfa181ca72c13e935fb3c13,99.97
0x64fdabbdaaf96ffd1fcfbb548bd6eb59fc9a1bb6,99.97
0x650a4c05028d0cd1694f1ddd4c8b8c0b2a92e410,99.97
0x6512264566bf91efca43cad4e4495148511c9edc,99.97
0x6526f255f7f0ee69074e1c1a4c3457f6c2262db7,99.97
0xf1b8f1c199ab66930b20751d6bf43ec40e2c68d4,99.97
0xf1caf10c5fe421660e8fdf2c0cdaa0be68633b3e,99.97
0xf2201927b27ef22c967793d5eae870d5de19c832,99.97
0xa0463d9133f97968f30ef5e761ecbde587ddd918,99.97
0x644239848c7b402d813295893db428aae7cc4cb5,99.97
0x64ae361c1c55f61a02d2c67a4c78457d5169ac56,99.97
0x63ddb0d7750aa11251330fea651e2a7fa1db53df,99.97
0xa17f75c6d52951699350f308d1220e2dca7b4cda,99.97
0xa1872b9b494556777d2b3ac5e699cf7fb377bafc,99.97
0xa1932d804e85ae3b80a2a47446e98e51d65d877e,99.97
0x6365ca7eeac872310727dacebfd5c31fe9ebacea,99.97
0x6370c6ca30253a2e188ae8dc8e9e852271983e7e,99.97
0x639baec487a973a60a509d7b7af0829c6185fcb6,99.97
0x635816fa726c55a735dc0f48f0f30851c3e62781,99.97
0xa1df7157e5eb60c4f9bcffb6a2f725a4b6492ca7,99.97
0xf11d95bd4c18e4a792cd3ffb581e2c30890724a3,99.97
0xf12692f90b384623b7d3077d6b342bc3871186e6,99.97
0x0f3c2476fbf0ed09dff00ea7f4ef252dcc72e6f1,99.97
0x0ff324d42acdcf93ed7187cb9705b4609b074bb4,99.97
0xf157eba689047d5d6b0ac629bf46a62a59ad501f,99.97
0xf16d75faa453755891196fdc08819bc5527d5806,99.97
0xf17871042913d86d93d3ad7c5c5ccc5bd60cb5ac,99.97
0xf189bda172ddc4b6250b8c2cfbc174af18d3ad29,99.97
0x6275515e9cf53d2c16a417eb321bf34ad83e7212,99.97
0xa1fb07d9f100365b62c3913bf4cf1c6ede950be3,99.97
0xa218a8346454c982912cf6d14c714663c2d510d8,99.97
0xa2382d2c0f5c3eab3015827e6be407e53f5876a0,99.97
0xa24f2e6dcbd2da9a220958401dab74b365bd34e1,99.97
0x61ad994108a0d4b8a2dc60129362ffa62342bbd2,99.97
0x61f9f97700d391d875fa14e020bd6f1e862ca10b,99.97
0xa311f7ca3eb2fb98123a807f9b8e4bbbdbdcb2ee,99.97
0x61117012f9fb63cf0e7c688c76bfc874db3c6874,99.97
0x1048a82ebb42299b45c496beb47868a987207601,99.97
0xf05cbe0ee781ab4432ecd5f6e5ad04551d239561,99.97
0xf0b4fb521eee7561e746a2e01ef933c5a2225809,99.97
0xf0e501e38ed216565ddc50d3f405fe5e5de4a563,99.97
0xf10d5716c7d6fcca6301fcafb9bddb7053854919,99.97
0x6168bb05ccb4aaded0169602bbb6e3cae12902c5,99.97
0xa36e9f78e3a11468ccf88b99b3015f471b6ad508,99.97
0x60ad81273c776aea562faeaa601ffc1680ae929d,99.97
0x60c514df3dd8bda1d67ca0f6e2d9184f4aefb279,99.97
0x60dc0b25f6aa160ec8748a52f6c360c213454bd1,99.97
0x60fc976145dd135c6bbc7df9406a60e8c2123850,99.97
0xa3d8d276f6eab243cb22f4d1a5e3cf08476346ef,99.97
0x606420fc17e08ce7d85a5068cede5542c0e47128,99.97
0x607d2dd18c9782dd0c387b2fe8a69bbcfe0e3eb3,99.97
0xa47f3ca11de68f500355dfd12d8c1b0e4f264f96,99.97
0xa4b5173309ac878db01dcea2b230cdcbc2cf6312,99.97
0xa4da0f347c6abe0e8bc71b5981fd92b364eda4c2,99.97
0xa4f965e38a7d2795f43eebbed1c160319adbee04,99.97
0x602dc1d22884e333fca32eb03105773c3b97b22b,99.97
0x10a4509fb431cf08f52b4eebd62569048606304e,99.97
0x10aa95a9a64b4a72af7f26ea92c737d99d0d5da8,99.97
0xef91ecd0142ae4c5163b2cf060c0563d49188c82,99.97
0xefd0199657b444856e3259ed8e3c39ee43cf51dc,99.97
0xefd603747ba4834c84eb3ea3b1674bbcd4d3c6d8,99.97
0xa5159e0a53863fb27030b43e35d38d844c14746e,99.97
0xa526ec38e974785d3be42ec23f9c2a2dd849e085,99.97
0xa53a13a80d72a855481de5211e7654fabdfe3526,99.97
0xa55f6f54f7e0e11396904031b0e870cdc910bf75,99.97
0xa576e704a1c1d8d7e2fdfdd251b15a3265397121,99.97
0xa59073c0e036edbdb5dc4e88f42bd9b32d6e968b,99.97
0xa5979e23798624ee7d2f4f09a83b7d15c144ad29,99.97
0x5e7e3a09995544841bcfd53cfc8a45f33281d2e9,99.97
0x5eca9a84b31f7dcd83c68b015df498b0c4f65f6c,99.97
0x10c5b61af5d85b274a63a728587cce244e3c2c9b,99.97
0x10cf8e1cdba9a2bd98b87000bcadb002b13ea525,99.97
0x10d5c4915df50e9313c21b4a7389c056ff3ff334,99.97
0x1077a625de842b2c9130517e5b5474df08698220,99.97
0x5f0f119419b528c804c9bbbf15455d36450406b4,99.97
0xa5c3a513645a9a00cb561fed40438e9dfe0d6a69,99.97
0xa5cd3bc3f3d34b3a716111643e19db88bfa649c7,99.97
0xa5d32c621b11696a24efbfbbb6ef550ffcb29b28,99.97
0xa5e65bf39c35dc7bc11f049be9a62f3c96944921,99.97
0x5db5286cec9a28d76feb4ee22e0722e6a6912b22,99.97
0x5dc654c04d281a361b733cac1365b2d6a3e4bd1b,99.97
0x5e41408192ccb2be827e5d0d5f6ca1c5e1513131,99.97
0x5e60c0a931d1901895a3ddf87f99640d4bf50403,99.97
0xa6308eab4fc51b4d1c1213ef0628ada3c04ff47f,99.97
0x5d76a92b7cb9e1a81b8eb8c16468f1155b2f64f4,99.97
0x11299e3ea77832418ed0fb81f77a4d8eb92083f0,99.97
0x112d083ebe9ffbde9e0cebe5f4c3964f8e8533d7,99.97
0xef492b2d863b4e68330b4ed0b39708d3846b3420,99.97
0xef90422ad2b181465d4c50c79018072e1976618c,99.97
0xa6e8e242a6bbdb87765edb408530348b4f51030b,99.97
0xa7171cc94e1511632715bda67de086c0d83f5402,99.97
0xa71e01d2140be779fb3412ddd72c6ceeeb300610,99.97
0x5d041980e76e766c0b8ca414c4244e75942ccbf2,99.97
0x5d345ad7e348fff3a339c61d6394ca24b094f939,99.97
0xa744ccc445f6a81ff48e9aee199f3b36d6968346,99.97
0xa7615cd307f323172331865181dc8b80a2834324,99.97
0xa79f75d42d8ee2c41a136bd2895e7179a15098cf,99.97
0xa7b95d2a2d10028cc4450e453151181cbcac74fc,99.97
0x5c84b6d5b4cf8da88c56508dd2660ffe46ca6a2c,99.97
0x5ce259aedcd14038ad2c35ecaa7b6b2974d339ac,99.97
0xa7f3dfed2bcf7b35a8824e11ae8f723650edfb58,99.97
0xedfbdcacb9646e3c017321bfbc8c1bf82a8fc12f,99.97
0xee37f338220479c8f652e3557f02513bdb11c160,99.97
0xee4e262d30c9e69e4a9a82ab4910e8d94c081b56,99.97
0xee68dc68913ee5606608c90d9b5db8ec4b12774c,99.97
0xee848a515b6da28e21d26021898ae0e14b256db1,99.97
0xeeeb089c1935b45bf3f474b5698397e0c212ec9a,99.97
0xa8560117ccbe413074c420f3fa83f842b65e0999,99.97
0xa85efd19852f56990a708d5d38d49552e8c75512,99.97
0x5c10afd2e8c8ae7e282aea60759209f32edfe3d8,99.97
0xa868861f5d8453bc0790861b0975730d16c37afd,99.97
0xa8696af071914351810dd5abb03bc938cea2830f,99.97
0xa87259f8e14364953d91f8541a7ba0b32e5e7008,99.97
0xa87ab61574a159ee2466ed44dadcd7b9fb292ec1,99.97
0x5ba8be640c84e294bd7285b4d7a676ed8e1ff2ec,99.97
0x5bda08c6ac357dc383c4266c329218a38950fac8,99.97
0xa8dda311f6cd42a470474535c12926f54e4660e7,99.97
0xa900f41187fffa3524ba8243cd1570bcb338f710,99.97
0xa918add8803e65e97410ec42ae359dfe6663a8a6,99.97
0xedcd518221d67769f2a85acf801e6ba4918a55c7,99.97
0x116549cd0715ce44f4c6bccb5b268ebc76e3969b,99.97
0x5b8c29115efc3a70b154960740ce7a6956f3a45a,99.97
0xa9bbd5b83ffc706342555e4a38c9c06b2e7441e5,99.97
0xa9d43d5b22e5eb975df03f54a90e4d630f448f4b,99.97
0xa9e63a570ce0acc938316742a903e4d5c43c81c8,99.97
0x5a70cc55fe9c4fb5064ed17dcab7cbabe886b1c3,99.97
0x5a92bc71ff2cee03202db6b625cb074d588344bb,99.97
0x5a965bc6a837ef51299d36e033e8c436a900cd9b,99.97
0xaa228431cc2b3db67b456e5be5d6877070ed63ab,99.97
0xaa48de841eaeb79deca9f7f39858ff285080f4b8,99.97
0x59e3adae9267f874b175df394abc5fcd0fcf8175,99.97
0x5a3a4dee6cd3424832b5c5bf20d4dfd370e0bdde,99.97
0xaaa4ab4966e54d856bf2fb33a850285b30ed45e3,99.97
0x1261cf753c2006ab2455fb8fdf45c549553984d4,99.97
0x1268757e441481ee97f99ba28d624f261b3c14d5,99.97
0x12690cdba85ce9f5200110bdf391567e8635d759,99.97
0x11c4fbc8fb62daab60bca91c72c641123fca90b2,99.97
0x11e03d11ba8328b345e21a9c6ad442b64ec85e11,99.97
0x121667b6690f5040c672c3df912a5aaf8735ca23,99.97
0xed65c1416926c87b2336b65fd18c5fbb451e6cc8,99.97
0xaacb53d9ada6825be17020a445c6e9c21a22fe34,99.97
0xaaf4d001080b511df8ad90090c435ac1affc5a1a,99.97
0xab61719309bf30cda379b45ac33326b24261f956,99.97
0x58a2f87490292bed41297fbdb50bbf716e80b016,99.97
0x58dee59cb30b564ed9ccaa85c9fcaf053fdd6dcf,99.97
0x58df55d6ab2db99d440241a607d91898b9ffd046,99.97
0xab95a0fb53df696a492a93f30fa126bde2493043,99.97
0xab9e7a11a4081203813acdc25b8699fe3a53a5d0,99.97
0xabdb1f94bff885bd8933ac4f8aaacda4326491de,99.97
0x581f3c56e8c3c6e8d91654d55f507c18f46e7bc1,99.97
0xecc996953e976a305ee585a9c7bbbcc85d1c467b,99.97
0x13025800a6eddea918eae73b408eac60824f8ec8,99.97
0xed60eac23f638d2c4e28ba681a0539b7e63a23bd,99.97
0x586b3f34e90668aee4ffbd94e7ba143552fa70e5,99.97
0x586e32930ac05127de429bd566eaa2758fcbd9bc,99.97
0x57bf61b835a8a49fe51aa4614f774d9f01bdda73,99.97
0x57ef012861c4937a76b5d6061be800199a2b9100,99.97
0xac9ba72fb61aa7c31a95df0a8b6eba6f41ef875e,99.97
0xacee7e48eb7ac0357d49d5c21cc4c1b5cb13cedb,99.97
0x57a5575dfb19b6dc6822ffe978f281f3cbf51f59,99.97
0xacfa1c0a40ef81872fb7a674a406ef25164dcbd8,99.97
0x56fe14a30aad9595b5fc05fa7922403cb6c2951a,99.97
0xad81e01b66d69f45d557d93bc746bfc3db85bcae,99.97
0xad923feeeef3598217bd2d7d5d1181d8c386ca88,99.97
0x13dc08f5ddbcbfdf6ebc04c909c3052a2aa7a111,99.97
0xec75e6ae612401d4188266eb731697339b9b0f36,99.97
0xec8e446c52f2d4ac9048aff1813c636ac8334fc9,99.97
0xecbc2901efd668a049ec86e847c3a70552d128a7,99.97
0x56c935cac3d870b385724cae5eb8eea1505c777f,99.97
0xae3c67b8aa12e458f2b4eafc0e9209710582c9d3,99.97
0x5632cf9a1b4ac936a3c6d3d66eb75c0344c61c2d,99.97
0x5647d72c3fa800e89af96115fa7bee927bd8b43b,99.97
0x564e2e46bc8e75ea219dfb8e1236e4ad092b83f9,99.97
0xaeebe2d33fbdf50684161d1c1ed29a42ac915841,99.97
0x55857b9a18e15a298136b3118af86bc9503b3eb5,99.97
0x55a3df57b7aaec16a162fd5316f35bec082821cf,99.97
0x55b431d9558bc16ecaffabf0437d1a5fc4437117,99.97
0xaf1fbb7f225229c65f21b8bcd7d2774e3c69e90e,99.97
0xaf7b6cd84a798fa1d58adcde725681ff3d196b60,99.97
0xaf7f2ee8a6ddeb1e4b0fbdc8b0ed294e0a8bf1ec,99.97
0xec0a545d86744753e7ec0ba92e85e1a366e3bab9,99.97
0xec3281124d4c2fca8a88e3076c1e7749cfecb7f2,99.97
0xec45c8fd6c9844be241fc2ef399f267a21210fd5,99.97
0xec6e6c0841a2ba474e92bf42baf76bfe80e8657c,99.97
0x134d3c15554e065d1c994aa5a14ec066a556841e,99.97
0x134d7706f8f542f611a785cf30c693df302f4f24,99.97
0x1390743368d3d548cea3e371f8da81da2ffde2c1,99.97
0xafcdc9b44b3d9725d9bffd6c0b4b58c37d197490,99.97
0xafdc7b014631bf1fc2fbfe91fb4fe2effb463bc3,99.97
0x54b45b82dd69854c39bc4346197f4a7ddcd183c4,99.97
0x54f987c0a786031357427211046d9e7ef61f3891,99.97
0x5519b78b0f40d62a110c787317a9833f36d937d8,99.97
0x547f0a7816ccaf3b2dccb1c4401799b440adec06,99.97
0x54900a355ab53686acc198553665c0fa6810fa0f,99.97
0xb027257430f0e4dc0fad2184ff4b415761e8db20,99.97
0x54232d4fff02af44d0a5ff43e96cdc8d154a1659,99.97
0x14c90b59f95b9405113dfedbae88fdd20c29ee36,99.97
0x14ffae1d2804eaf261586a6378218eb5e7235066,99.97
0x150a87a49f633690a2918820b845f04ae8864b4d,99.97
0x14559df3fbe66cab6f893d8dd53f7bfe68de9c65,99.97
0x54543587cd0412d6ea0e852eb62177bc9306a6db,99.97
0x53c3f93d5146b3c1dde50d20e6f0422747fb5b7b,99.97
0x53c404d148a5c7c164e259f07a87429ad79c00e6,99.97
0x540467e4d66cea16598240ba82215f459c9b988a,99.97
0x540b3f3705ea15a75f759c74fa046dbb47d08981,99.97
0xb0804b6dbe7159bddc1b6c9c00c796d94eee1858,99.97
0xb082ddfd74748b763f52f04558e5f814a56de67a,99.97
0xb0848a5322f7d5d29416ac07b2df6e0cdb6c50d2,99.97
0xb088a3bc93f71b4de97b9de773e9647645983688,99.97
0xb08d63183ffddc614e72f18cdd28a75c6af98a97,99.97
0x53738166c362470e3d1c62811f99798434025d3d,99.97
0x53c19cf633c65adb9748f884dbd84bd4eded3fba,99.97
0xb141936c797fb48714c37f9168d8dedd47975191,99.97
0x52c72f8333bca27b9e489e729da979047e0dab6d,99.97
0x152b8c153e4f18bfe1cb3f2eaa563813c758e279,99.97
0x153e016b77a1a0667af61c05187897075d526781,99.97
0xeba9d7523c1842907587c92dedccbeff49c9ad77,99.97
0xebab1451875186e36da7166aceb8e0e145607423,99.97
0xebbcc9b60e2b819f2758c205c8cd986133d21005,99.97
0x14c45cd15d33eaa8aa149e3ca0e6924db143b08c,99.97
0x52e0b17cc061d1ff9bbf986ef2408a660a2d30ab,99.97
0x52feb9bf6f37bbd01309515feec062632f5ccb2b,99.97
0xb1734fa31d26d0d7881cbdc0118b1535f5454a33,99.97
0x5212f225f58b8cd4c1cf2a10dcf047449dcb5d86,99.97
0x52405eff99dd4c2015463dc511573344f2e2e8d7,99.97
0x524802b34cb508be2062d02a6e1cf577c2e66fba,99.97
0xb1c1a8fe5cee6ee090c1d575f3f2a77f50713fb4,99.97
0x51ba007818d8af72883d799233789a0d8d6dab69,99.97
0x520632e2a0744d5e412d940607057712962678c9,99.97
0x520ef574f275bb54bac66781834a3ee20e9b6e3c,99.97
0xeafff1987d9fca3d540cfe07bd22a9cb58733fc7,99.97
0x159038f1e0183b3ef4eb197016214f6486189338,99.97
0xeb1033916a795e424cbe46868d6c08bfb8a2d2f8,99.97
0xeb3056aa1c395e78cacf19b9747583949c14b574,99.97
0xeb64340f380b8c2e708c390a1a6be7d7c9c1c4e8,99.97
0xeb7f712da1b63321df34d12056c94e97aaa99939,99.97
0xb242b2afee4dda2b04a04cd1a982bf4dc066cee7,99.97
0xb24b54fe5a3adcb4cb3b27d31b6c7f7e9f6a73a7,99.97
0xb263e97547b3bedc9aa3214c0bc49c5985df26d2,99.97
0x5100b47908a06e099d5185bf753d033fa2b7ceac,99.97
0x5116ce50b9e8808b11b5aca6d591220805542e0d,99.97
0x512fce9b07ce64590849115ee6b32fd40ec0f5f3,99.97
0x515d82a74a9aade721801da71fd35f09799cffaf,99.97
0xb28cf9fcfaa079ff21ceddbfc7b4b2fb9c7bd70f,99.97
0xb2a82a8f0223dcb5020d9c593977e172fb33165e,99.97
0xb2ec4683e634899a82f9b5d6abf1aa22fe219a83,99.97
0x50ab18d96ae33cef2bb0fd2f292b7845468127d3,99.97
0x16ad4e68c2e1d312c01098d3e1cfc633b90dff46,99.97
0x50b49fec823a3d86050c91272bce7c8c0df4d71f,99.97
0xb32b2fb57152a6091fba9fb4803e2df0097c55b4,99.97
0xb335d18843137b21db0c9ebc23e7ed9f0d33f14d,99.97
0x5029259f5f4125d6517c2082b8b942657af3b509,99.97
0x502cb8985b2c92a8d4bf309cdaa89de9be442708,99.97
0x502f456c9cd2e978f1f7330faf35133ad33b5f77,99.97
0x505e20c0fb8252ca7ac21d54d5432eccd4f2d076,99.97
0x4fe95c36bb9b3a81f278569525162f91615e77d7,99.97
0xb3597a560e312af23349f599c3318b79e244ef72,99.97
0xb361b6d281c5d1d398165e0a8c5a7121f6271f27,99.97
0xb36d37110417c0ca0b79b5d262868cc9444f7550,99.97
0xb3b50e22f2d7db7838f0888791a7a7fd637e9164,99.97
0xb3b75c9277bd2be383448be2220962a31c6dcd79,99.97
0xb3d77ebc988eb7265f8b145accb27bcf2722ee0a,99.97
0xb3de746d56c652ea0390233a135a4011cacd9be5,99.97
0xb435871b0959561226b4d903b1abf79528177e81,99.97
0xb4390289cf47c5c05626cf75ab4da28e70de3e1a,99.97
0x16f0a28f9a7874207dde61895bfeac49a34915be,99.97
0xea1b3a8fc8342590eb955f1a4194c007189b3159,99.97
0xea398010f27e03b33cb022d076a41978561e845d,99.97
0xea4644472a98722dcd26b49abf5b8b4ac55779b7,99.97
0xea5c6e56340adf10527e03792626bad7d1b68283,99.97
0xea6316a4d76f803359761e56168456252bb1be0c,99.97
0x1658a95d08bc44111a93f7afcab8444b7e8dc0c7,99.97
0x4f239dc9aed5cfed050d5898865137120be0bbbd,99.97
0x4f3a36c91c392781536348c03dfb8f6e265c277d,99.97
0x4f5c0754c5f90e722d78964644bd29687b87c584,99.97
0xb494096548aa049c066289a083204e923cbf4413,99.97
0xe9e9b34920131985d5e948c56cc8e34a9e1fcf22,99.97
0x16ea1f673e01419ba9af51365b88138ac492489a,99.97
0x4defa30195094963cfac7285d8d6e6e523c7f90d,99.97
0x4e058516eebf1db6b50d0c4396c608de25a77545,99.97
0x4e5979df67cff9e69082640eff449a34ba8a9863,99.97
0xb4dc65f8ade347d9d87d0d077f256afc798c4dc6,99.97
0xb4f82c737969262514458b802cc578cbf95430ee,99.97
0xb52c52486b13ddddad792f671894408d16e1c048,99.97
0x4d37f28d2db99e8d35a6c725a5f1749a085850a3,99.97
0xb55a60b662b9643ab77a46c5336bffdef1a5b72b,99.97
0xb587e5af7d7131d5c0de77efda2979951dd6889c,99.97
0xb5d70109847cbc4aef541f4ad19c741f8b3dbe1e,99.97
0x4d0e2a4454df9c4c4f7b83dc1e0c76e08eb0e457,99.97
0x4d25819e9de2a2eeeddca953d1ef0182680a7054,99.97
0x4c0c59f3e1e8727c60ed7bdddbb454ce4814458d,99.97
0x4c0e1f1c80090b6749f757262c267246aa3ace64,99.97
0x4c3278cf1c45a3e5bd2000242207870b6c015cb8,99.97
0x17e4a5b494a1797deeaa304143a26a5c39493f12,99.97
0x17f780e07e5525c20bf5f22b6c650052fa8605ab,99.97
0xe98bba5b0784a6c08b5e48d3382329ff54d4f42a,99.97
0x4c77ca7ff8e548806fdc88e4dfa8ea1e493a450a,99.97
0xb62675a9aec9a08524c70f9bbe57be4a5de40508,99.97
0xb631651cb570ba0c0d696bd5e4860cbd214f20a0,99.97
0xb678853c57b94da8e6ffbf0e792e9c31788d84a2,99.97
0x4b80761dd2aa8cc919c15080051e36bfd9ad92cd,99.97
0x4b8673ca1b5c9f08cfffce527fec9173c35e27f3,99.97
0x4bb6d52a4420492c5d90f22fa92ff80ab481d961,99.97
0xb6d94226eab23ac1602113bae51e0f37d92a50bf,99.97
0xb7128fb2180aa8d93c769ee7d261950c9acf002b,99.97
0x4b1f2b10a8c7d8b37ecf45659cdeddb54f84253e,99.97
0x4b38d3b4fb1e5a7674b486a89aed5cba5614613c,99.97
0x4b64d0184b0676e3d4b79c96e9123a8583aafd4d,99.97
0x4adaeef3521509a73d6f71177c4ee2cdd184b734,99.97
0x4ae0dbd5c700c64faaf85678fc1fcdf6aba5c5dd,99.97
0x179e2d41eaf92770a8b639bd5e2dbb9fb71d6da2,99.97
0x17c4d183105dd8a03fbb19a51929b507535a1b9e,99.97
0x4aeee08c3187fa1ae768e6264898397f339ac334,99.97
0x4b01629a1baf82d8ab62726776b1332539e51cec,99.97
0xb73175a10dbebd97ba55fa6b869b1492492f75ea,99.97
0xb78dd918b3f9fdb66b9520b9d0f1f7ccc449aed4,99.97
0xb79dd7a1fd1298b13771055c0bac2f215f4a13dd,99.97
0x4a6937acbbdf30fc3fb94225d3a01e8b28ea581e,99.97
0x4a8b2aa05aa9697258383779206a77a942c6e6cc,99.97
0xb7ae6069b68eef3f8148c71824864de8be5b6691,99.97
0xb7dcf73b96d7cd258c19335e7021d307afde59d5,99.97
0xb7f8a5bcf79b6bd38c7b2a650d6a3301dc6293cd,99.97
0x49fc009dffefa57260cf302ef32f5a2b82ab94de,99.97
0x49a1eb39534f378722036d41d3ab5c92e86b55cf,99.97
0xb825beb4ea6ea1285bb68f7cdafab6ba8bae6dc2,99.97
0xb88827b3dc2704e9ee7cd74247b4069615610cd8,99.97
0xb8eb4347b64999bd31498d3834833b383d59f4fe,99.97
0x19058b87cc3975b2dd7d01b6e95102ab9e1a2a72,99.97
0xe826cf83f03732ea35eaf4cd9627d57529feca4b,99.97
0xe82941e727d84f99329b94381e67a94524963d05,99.97
0xe8324c980791df99215b4e337d1dee5f5c0988a8,99.97
0xe895f40ecf7f32f3c57127c242f961ea93d0470e,99.97
0xe8992b1d0737c4cc587eaafe13d7563bd50b5c14,99.97
0xe8ad549b9fdd90ac12dfbd03c99631515222bcab,99.97
0xe8bf424e047372d249d0826c5567655ba3b72f18,99.97
0x18456bfb605e238af478e4af64bf5a2b5304a31e,99.97
0x48c156c85a58f7a995902a4554c2a5a58cb03e0a,99.97
0xb97d56feebcd2d8ef7c17d2123164fa3bddd97e7,99.97
0xb97f2482f1b2a50ba5a02ea9ab96f1f148f7e904,99.97
0xb9a8deae8115c7d7b8aed2ce4610c54e023e964f,99.97
0x4802de6e932f46be3d2b0d5e3ca6448cafc4e538,99.97
0x19360799a15730fac556088793895aa7650ee442,99.97
0x1954c8cd151de0d0946fcc1e8a97545f711e2380,99.97
0x1955c2b76b1cf245795950e75eb176080879da50,99.97
0x1960d38799b4ca8677c27f9f4587380913a3ce54,99.97
0x19764305e5df2563e2062bcce5429b540d994be1,99.97
0x18ab13f62635bec69fcc1d2ce3dbe5e0bdef1b99,99.97
0x18c42014fb0aed3e35515eb45df8498af67773a4,99.97
0x484a3588e42fb1541858aa314854eed26e14816c,99.97
0xb9f7b3b5492f270f2ba1ff1b6661ed27e03d4132,99.97
0xba2f752f7eccb6acffd73e532586050bf0a1fc32,99.97
0xba333f8ff556bf35d38e102a98daf1c5f6d9d708,99.97
0x47917255d73810620c841a35e5ee42c008e951b0,99.97
0x4794764b746913abe38dbc7a373022bfee5b4a06,99.97
0x479cb37b53d5eb04b6a337ac3d2ea447619eb87e,99.97
0xba454c396f7a14c2c531ea919e419ab15c288c0e,99.97
0xbabe31056c0fe1b704d811b2405f6e9f5ae5e59d,99.97
0x472dbf5a1b070f9efc2491cb3b98445e06599e21,99.97
0x19f45ea63b9d9b864ae2eee603e7b106df875754,99.97
0x19f9aa162f71014b6b5859dd9b50b448629aa7a2,99.97
0x1a01ea6f99123f161554ae7d489976fb95d0309b,99.97
0xe7e3f293ff5be247e336f5cdb493c9ace1011a35,99.97
0xe80d953d0b4f2931549473e803c95f559b6ea58e,99.97
0x474a89f2c8d20788f80dc2f9d09411c43fa2df2b,99.97
0x4753141445054f3f4dcda3ae7477758c0078377b,99.97
0x4758a12fb01dc7cad5741246b9e2eb59ae1ef38b,99.97
0xbbad79b0033de083e72c768609f3b75faec55e44,99.97
0x4685bb0077179b45095a3c2a175acd9b3cd59d1c,99.97
0x46885091faf1a59fbf97f1937f40284f068664da,99.97
0x469880d6013142ce79e6b795e6a9f3f564feaf7b,99.97
0x46a0b4fa58141aba23185e79f7047a7dfd0ff100,99.97
0x4654f56a64301b9b582f843f97332d96ead11ff8,99.97
0x45a9681f82a2ff9e9da45d8bef745416c51494d4,99.97
0x45c84e29eaf1f15a89bea1e8146a53d68d409cc2,99.97
0x45ce9d7bdadb704c68242118e2b8586e491e5c51,99.97
0xe75c8bcd8b9a36f9cf89442d436686c218c68593,99.97
0xe7683d0562086a88c1b9b32f8763e3ae6aeec502,99.97
0xe77884cddf148dd5f0e9191b33d8dbaddb16dfb5,99.97
0x199da66fea63520d64b213ee3e7eb7cdfb650d62,99.97
0x19ca95b64d52ccf91408b63b042182223c8c2f1c,99.97
0x19ee7696d2a71548a7f1fc9cef644460d7e73297,99.97
0xbc927cf46a2c9de51fe3f950508ac655fe2256d5,99.97
0xbc9c92922d98f2896e173b6c197b7fc1674324c9,99.97
0xbcba34246db4f560fc19b9a56111b90f8cadb248,99.97
0xbcdd6bafb59e06072f99d489314e246316462667,99.97
0x44e88af9ccecc4de798737cc70ee011f6c38d00e,99.97
0x4527c75dfc50a5390dc663f81b627c39e7b9acad,99.97
0x4590219b226e50fe8ee023665a087e4eeaec1e1c,99.97
0xe6f6f9492098aad009faa3f9b84f35c0b6ee7f3c,99.97
0x1a92100c109e4cf051373137c08f8dad2b444e5a,99.97
0x1a272bb7f757d727c1e2d5c4ed652fb5335fa6f2,99.97
0x1a2d4efc833d4a32728b149b6fbaeb0b948d4bbe,99.97
0x1a58a12d0331c5631e31a291df5d5817def29f77,99.97
0x1a789cd14f5625d16f0468c162ff8e487119dc8a,99.97
0x1a78e512008b2fac6cea2b8d8e54f1e304f3cd2d,99.97
0xbd580d6d5ab92eabe180d553a7a849d5ee87afdf,99.97
0x449295e140ea4a35ebdeacfb47c52a7df41a7d81,99.97
0xbe78e76903d92c9bb9339723a78644de774bd8a5,99.97
0xbe808ea4b07c96f770d221871331fd2ccbab4853,99.97
0xbe8142866be40a11fe0123debe80b8cfb3d62e73,99.97
0x444c996b74631763ce0c406fcbe9aa13d35f395e,99.97
0x445c55b9a5338c45eea6f4cc9c1840883729a878,99.97
0xbed4e3cd89918563a9ce4b04cf5379daf566bd53,99.97
0xbeefdbfb1747399fed162c3b588d43a094353bd5,99.97
0xe65187714eb725c76012defd18ab7b495fb25f31,99.97
0xe6689c43a225b16070c45acb936f235a260ecaf3,99.97
0xe670c92e93f88761004f86b28c101cd8b9ca57a9,99.97
0xe685023e4dba2ba2633450ebf21bafdf1bdee2d6,99.97
0xe69f609c75f8640fa034166c63929f2875c01343,99.97
0xe6be2096dbe9560cfb01b45804514d075d6585bc,99.97
0xbefbb8d585c10a9687abbaab82af1872ed4d8d12,99.97
0x436266c46e2c2e7c8546573d72d51b96652ad76d,99.97
0x439b388faa6e3aee0989dedca8df054f29f01553,99.97
0xbf5b9bd197e9dbf3f2ce58e5b1c35b1bf383b5cc,99.97
0xbf63f97613f796e1de3446e64b529c79e5cc40b2,99.97
0xbf7faf866f2a4a003216fa224fe75bd2737d86ff,99.97
0xbf83e6e40162c655f2ded3431b7b31307275ac95,99.97
0xbfc54c36fbd010d53975ef38e90462c1a7afdb60,99.97
0x4308415cc35a883a593fd182c8a6f26250d46005,99.97
0x432d27bb7287498f3e9c8efded7d5c9ad0055091,99.97
0x432dcbda06e8b296ca29705572d7cb6315ed8bed,99.97
0x1b5dbb494c47bf7ba4ca62d13e2574df7d42e10e,99.97
0x1b1ef65bb57862c88fb3ca5aaab8746791928485,99.97
0x1b2b76f9f77b57ee2034c591cc143be803d6b0b8,99.97
0x1b2c2ff7a6140241440941fc3d5a29f1a0b53f2d,99.97
0xbfebe09d854272c3aeeb1e4411c2b02a83d0339e,99.97
0xc023b9f7ae09856beee571a4e2d66f0c1de9bba9,99.97
0xc023d24aadf84c20dfb554e90669797b48ac8620,99.97
0xc04d6b100cdbb807bb7913fa68ff0d5990e43dbe,99.97
0x427848db8640eeedb2772156a5380e8cfb735f0b,99.97
0x427f2ac5fdf4245e027d767e7c3ac272a1f40a65,99.97
0x4282890ff9661a51ea367aeddf341c6f6395d4e1,99.97
0x42ab9e1c9332e61eba3a17b53fce2abf73dc8b12,99.97
0xc09544da6f50441c024ec150ecedc72de558ce94,99.97
0xc0edffe90b881b584a3a9d8c39dd24aadc09ce6b,99.97
0x426ebbb08ae13e7956b3dcf18e2cdfe8db38518a,99.97
0x4271d22292aa37e13cd0c68b8210a7a6af194407,99.97
0xc15792b8578fc26c10de7f88191ecff579151866,99.97
0xc1852f917835a9f2f97112672bc5c8afd1f21dc3,99.97
0xc18a3fbab238cdef9741514b2b5fe28ebc49fd0d,99.97
0xc1ad79ab00b3f63577ca653cdfda344e9847d4d0,99.97
0x1c47fb66197f84ce3d92b1ebab9dfbaa656e8150,99.97
0xe5a3d77d7788a83f3549dd7f08fc2aced7e262d2,99.97
0x1b46d2eb4d5c1f03035bc5e57b2543db50fe338f,99.97
0x41b96e9c6758d12a7a1f67952466b2e104532604,99.97
0x41bc5e34131559048b12006a5a8889b122a1d57a,99.97
0x41c7b33b8e7fec43e4f860f79c2a4314e3c54089,99.97
0x42075dd2fd29bc6a10330715631df6d8b698ea61,99.97
0x4118c2b02a7aca07aa9dee62958f73c59c655a42,99.97
0x40d83d66673ec330c3cdb45b6ac9eb884d262a71,99.97
0x4104fe93acab3e409f7e71b9197a66614fdb111b,99.97
0x410c8568c94f707008bb7a5afd36421b0cf6c307,99.97
0x411831196db2e25e86dea3ff403f66b9de385034,99.97
0x1c9f2bdd47c21c0452e00fff270bac3ae33d933e,99.97
0x1ccd8ff59612d4108d9bbe5f16add545efc6fdbe,99.97
0x1cd2eb4e9b2efaf76fc6637b5d3ce3498d5c5000,99.97
0x1c2c8a55ff634cf7841890dfc8ca7707e9b93d26,99.97
0xc2351c961181ecd4e682857224e873ebbf956fde,99.97
0x40941f5619974c639fe13fe977fd92805fc10ec3,99.97
0x40ae7449419df850591638fb43b13d4cfa06c9ab,99.97
0xc2ac7f93d54dfbf9bf7e4aed21f817f2ce598d28,99.97
0xc2f82a1f287b5b5aebff7c19e83e0a16cf3bd041,99.97
0x403a4dafeb9f30af465261ef0aa01f8c12441f09,99.97
0xc37027c11b6b416462aa7b589e6f7937ce220327,99.97
0x3f3a206662db588c741f95fccdd74d32ededbfff,99.97
0x3f4b0089eec7d3e9cc51c9333db927b0f5416e30,99.97
0x3f62cb3a1a93043f7a9fbdd7029d7c907820b12d,99.97
0x3f70d4927adfad26eb7b1574eea7939d347d902b,99.97
0x3edab72359e7658078f4872b7e4827d7242923a0,99.97
0x3ef71b47a6b985f753b02b15b7b64c8985bcc4a8,99.97
0xe4b0fea2c1c6c90c356bfbbe04b7233a3f144c00,99.97
0xe4c34e8a157442512f12447cdde16bf645240d10,99.97
0xe4e9bb2c6aabcae687352ba00214771dcd538a35,99.97
0xe540ed4327e2f00b4b864518f32554b43842db3a,99.97
0xc38fe630dd7b1de5a95a860871e75329d9c4e5a2,99.97
0xc39d34e038909a98996e01613200300d6b28fc19,99.97
0xc3b439e6364b3f8d07754fb782e509e53b3d0b1f,99.97
0xc3e1ceffc8087082baa045a9473edecf3773c122,99.97
0xc410fa737c0a6cea167a8a4281505446a12eb720,99.97
0x3e3742b6b7c0add19eb155c72eacbb6bfc8958dc,99.97
0x3eab4037a2e7f4d4d0946c091fe135838221f2b6,99.97
0xc424e90ace50df63efe178ed5f28cf3759cf51ea,99.97
0xc46717a0e137421d57b9e9eca3e48fbd238d466c,99.97
0xc4abbb0099c3db6e8bebd3693ed66f7fe020f405,99.97
0xc4b485a4a6faf2a8e17a57f8ed198f058fe2b408,99.97
0x3dcda8f2dafd0f0aad10a35447f2fe58159d96af,99.97
0x3dcdd9a8087a025d84fa7aa819148501099edd15,99.97
0x1db58fd3424e2d0be54a661b3f8b4f7007f46fdb,99.97
0x1cf6437111a85cb37603650f278b80655a1c43e9,99.97
0x1d419c35db08d8bee2328e70251ec8766a11d71a,99.97
0x1d428e4d7b36b4d114db519982e77d3fe3371632,99.97
0x3e1b5d132cf1eab78d6fce67801adb45cc9b6f31,99.97
0x3e2dbda5f310aade1503557b2e7f356eaf161641,99.97
0xc4fbcc6643ce3aafefa9ad6ab35be85ffacd306f,99.97
0x3d8e382e38d464e0352765b01f9fbcdde1eb56a0,99.97
0xc55b3b8545eefdeab26409c0a61abba23b6220fc,99.97
0xc5b1928cef3298a5b27a09055bd57149c19edd7e,99.97
0xc5c04a665048403b7d7f4f5f1b165cf64385d9c7,99.97
0xc5d16847874f3c47c5dfec353d01105896459d0f,99.97
0x3d4b492dc82861759989713cf28031102723943c,99.97
0x1e3a7fbf0bea5d6d66132361a4dbeeaaad5b1689,99.97
0xe364d707d9929e1685cfa3914ee427f9d4a89675,99.97
0xe40afc776c18d8925199dcce78d0b06c9222b896,99.97
0xe41086f6e4801bf49c0f9e24fb147cdfaf952a89,99.97
0xe41a7de079fe7ce7a35e44ddbd80060704f8bcdc,99.97
0x3cc228f907bc37cbfdc1e415d2129d68aa3c4864,99.97
0xc64de5e0f97c21606e1f31426eb5c98ab729c08e,99.97
0xc691635a9702d8a7a3a3b69a96623739be260965,99.97
0xc6af895832bf156c59c8c0b59fc31179d5f7019f,99.97
0x3c112d7558a9a80ef8a19342a5869b69d16c39b5,99.97
0x3c2cb7943e7d0e42e55de96983a34a732dbb7816,99.97
0x3c315dad747c210a522f118788e8d7c800116680,99.97
0x3c673dd35bfea5267c4f5598a8d441fb13f8475a,99.97
0xc6ef1f1c5bc8b8b9cd1a178a6063bb9212ce2a8b,99.97
0xc71ad53ffb70b663653c9b3cee7a1cd7aa7a1b10,99.97
0xc721921b29618680c19f4a4d1458f82689c126ce,99.97
0xc766ca67ed7216bf6f67e449f9789daddcc0e9ee,99.97
0x3b641986b93ceb7ebd5512c3c46706d59cbd0004,99.97
0xe2c9cc9fad5e35d3ad3fbfff8bbae6cc053920f7,99.97
0x3bd856465321ead1605286938493169e9c9011cf,99.97
0x3b2e298b401d1e11ce6ee82b54792ca435ce81ec,99.97
0x3b38b4666b2ed00c6974ac9d239fa49b5aad28ac,99.97
0x3b48461a085ab50996fd96b0cc12a557be91aac9,99.97
0x3a9f7c8ca36c42d7035e87c3304ee5cbd353a532,99.97
0xc8315afc044408ff3b56b84fe991c84fe0816e12,99.97
0xc842d55c3a0371e060ff00bd66300ba097d295e3,99.97
0x39dab51b477cdadee45191abf283ec8b3e4108a3,99.97
0x3a6d6e5e4b8c3e9bac29ed12c4243377e64f9b4a,99.97
0x3977504a7240f400d608f5b1c7f7299556b284c9,99.97
0x3979f8fd1176e266c0b8497ec74cbeab82949a7d,99.97
0x3996769bd6bf1f7380895bc969302804b3d3125b,99.97
0x39bde2f9254cfef7d0487a27e107ef6c1685e44c,99.97
0x1ee5d92751c7141798b399dffa49e41591bf3caf,99.97
0x1e60ae150f10a3a1881d17a9f749595030897ce9,99.97
0xc8b9bbba82cbe9f56ea20344cd5dc84066f994ed,99.97
0xc8bef1a50119389ae31d2e426f7c71bf8cc10def,99.97
0x38f3436207648f0b2b998bbc9d6dd203ef9b78a3,99.97
0xc95be28595eb64485dac63ad14f15e41c94ee468,99.97
0xc968c8fd6b87874e17e37cb41e7d8b9bbc640c52,99.97
0xc980b6cbd623a2e505a64f1b654f7a042fdf6bb5,99.97
0x3848ce8d9c1287fd0419334e5f98c0514fcc7221,99.97
0x3861a3c9c3362a5276ea59be4707ce5700b9c304,99.97
0x38b3ad7b8b162e1b2b21d6ce7c76b11a969171f5,99.97
0x38d88e9366bf9b1c79162803f081a993a7ff3dbb,99.97
0xc997ad9947ac0eca60fb6d1d787bb2399ee6a5cf,99.97
0xc9c50b55c3085606ff05c70ac8cbaf26240891ae,99.97
0xc9e7a40b20e2b10b3619109a74e9e6ef17c31299,99.97
0x37de9d293350dc3fe3cb7a9339a94ba2b00a3668,99.97
0x1f5940217d05cc35db9b49473d5f68dea3caffa3,99.97
0xe20ee1d250c8d3e0bd140306121001bfdc7a1201,99.97
0xe258cfda93e8bd42b95fd91f09f73f44c18b9a44,99.97
0xe264886feb92e9c6a92fa196dfdc09d330b66c17,99.97
0xe26730ec82cd3e2e3f8307c68e417b9af74e0640,99.97
0xe2850aeceac7e8d955813100098606bfd1a01fdb,99.97
0x381a17eb78501498fa183c81648b4165826e1af7,99.97
0xca015bdc2fc7ef0c12f66cd8beacbbc250aa4220,99.97
0xca07aacbfa8508e4aeb2269ae364e185bc9421d6,99.97
0xca1132ba4e92a247365b0e8dd1ec23a1fad2fdfe,99.97
0xca1a7fc6cab553ce65f7c33c6e3eba6de954efc6,99.97
0xca1dbc246cd82d379f3df25732ca79ffe12b6032,99.97
0xca380658db5bb34c62cd1bdb515536a11a5b8e91,99.97
0x3771eef3e76329ac4c17962a158a895545795c0d,99.97
0x3793c91f2f00f4659271859c1ef898f2bd131a5a,99.97
0x37acfef331e6063c8507c2a69c97b4f78c770a5a,99.97
0x371ee509100af3eb863ed61b07825a50b60ab5c3,99.97
0x372cc010c6677434739398463c6bc11e995ebf26,99.97
0x1fc931e464b63cd55e69c1fd4461317fe35ff771,99.97
0xe1a346b62765fa179e9842266213ae20c659e6ec,99.97
0xe1b4541955adbf751f3ad479840eb028e4ebe9d0,99.97
0x1f4508e6758e12397fbc7a15df4d53a63e03c78e,99.97
0xca4a4e011bdeb6e5cbc229b882ee20ad3231096a,99.97
0xca85b45119cbea766b65370cb7a6061b9060e3b0,99.97
0xcaba1a66f0049ab97256d75eeb48d540a7a1f8ff,99.97
0xcb6cd899d2c830e28b4ecb9b677aad651bb70451,99.97
0x361622264aed52ff036ff8314adff6657c4153e8,99.97
0xcbcd0eda8eb2b784cd6163273d9628553c4ef6bb,99.97
0xcbdb75a5741561e347d4508d96d850f83dcc36ca,99.97
0xcc1e0a566dbd10869c071c811aba436357858f05,99.97
0x3591d261da9ca19d83de5028d4caa02f22aaf9ee,99.97
0x3596c017ad351628cd31980837c0938ddbad7e49,99.97
0x35b6148b640b40f60c55ee3996be795245adc8b2,99.97
0x35d3da57064d2f5ec5f0824caaa839a43026bd41,99.97
0x35e283f461a9ca2e3a5765e72815c8d1dcb66ad6,99.97
0x351fabac75529688169b7e763954317db7c9f5ba,99.97
0x3538231cf9b57a35d5bf3c0d3b9ea54ff5863465,99.97
0x35440df5c2fab7f5dd7c101fdf94a039a00c6ab7,99.97
